,0
log_lik_all_subs.1.1,-94.302734875
log_lik_all_subs.2.1,-100.900321475
log_lik_all_subs.3.1,-139.5770915
log_lik_all_subs.4.1,-78.445412425
log_lik_all_subs.5.1,-76.0302466
log_lik_all_subs.6.1,-92.054653225
log_lik_all_subs.7.1,-129.11292975
log_lik_all_subs.8.1,-119.95040825000001
log_lik_all_subs.9.1,-132.30805575
log_lik_all_subs.10.1,-86.04240057499999
log_lik_all_subs.11.1,-144.214753
log_lik_all_subs.12.1,-176.1802025
log_lik_all_subs.13.1,-93.11950247499999
log_lik_all_subs.14.1,-110.9891085
log_lik_all_subs.15.1,-114.12887375
log_lik_all_subs.16.1,-117.36908025
log_lik_all_subs.17.1,-80.93361115000002
log_lik_all_subs.18.1,-107.4537285
log_lik_all_subs.19.1,-76.22305342499999
log_lik_all_subs.20.1,-102.86298925
log_lik_all_subs.21.1,-118.50968075
log_lik_all_subs.22.1,-121.5591525
log_lik_all_subs.23.1,-118.77770849999999
log_lik_all_subs.24.1,-120.71329850000001
log_lik_all_subs.25.1,-145.95979075
log_lik_all_subs.26.1,-161.1446305
log_lik_all_subs.27.1,-92.52784192499999
log_lik_all_subs.28.1,-76.87519982500001
log_lik_all_subs.29.1,-155.2706135
log_lik_all_subs.30.1,-79.6784983
log_lik_all_subs.31.1,-79.68114107500001
log_lik_all_subs.32.1,-81.322745725
log_lik_all_subs.33.1,-123.67531975
log_lik_all_subs.34.1,-160.8747645
log_lik_all_subs.35.1,-102.25749400000001
log_lik_all_subs.36.1,-89.77100365
log_lik_all_subs.37.1,-109.34261875000001
log_lik_all_subs.38.1,-93.4550807
log_lik_all_subs.39.1,-122.74724674999999
log_lik_all_subs.40.1,-71.47216039999999
log_lik_all_subs.41.1,-103.53844274999999
log_lik_all_subs.42.1,-91.38942925
log_lik_all_subs.43.1,-104.88849925
log_lik_all_subs.44.1,-157.69783950000001
log_lik_all_subs.45.1,-77.0229179
log_lik_all_subs.46.1,-124.88679
log_lik_all_subs.47.1,-107.13482825000001
log_lik_all_subs.48.1,-101.600868
log_lik_all_subs.49.1,-85.20487527499999
log_lik_all_subs.50.1,-114.545571
log_lik_all_subs.51.1,-88.02932075
log_lik_all_subs.52.1,-101.7492365
log_lik_all_subs.53.1,-91.15870545
log_lik_all_subs.54.1,-119.15562925
log_lik_all_subs.55.1,-123.66181900000001
log_lik_all_subs.56.1,-66.575087925
log_lik_all_subs.57.1,-99.41667185000001
log_lik_all_subs.58.1,-84.699454375
log_lik_all_subs.59.1,-78.496803
log_lik_all_subs.60.1,-114.8334625
log_lik_all_subs.61.1,-95.08067240000001
log_lik_all_subs.62.1,-79.59825852499999
log_lik_all_subs.63.1,-128.65167725
log_lik_all_subs.64.1,-116.70255875
log_lik_all_subs.65.1,-164.11130724999998
log_lik_all_subs.66.1,-73.60542065
log_lik_all_subs.67.1,-85.68887645
log_lik_all_subs.68.1,-141.65354324999998
log_lik_all_subs.69.1,-97.71754825
log_lik_all_subs.70.1,-101.55695525
log_lik_all_subs.71.1,-138.96280124999998
log_lik_all_subs.72.1,-87.42699785000002
log_lik_all_subs.73.1,-79.21794015
log_lik_all_subs.74.1,-103.3642125
log_lik_all_subs.75.1,-101.14779525
log_lik_all_subs.76.1,-115.59266025
log_lik_all_subs.77.1,-83.925300725
log_lik_all_subs.78.1,-138.55593399999998
log_lik_all_subs.79.1,-104.0546765
log_lik_all_subs.80.1,-87.532660825
log_lik_all_subs.81.1,-91.68787947499999
log_lik_all_subs.82.1,-97.596950075
log_lik_all_subs.83.1,-108.61069824999998
log_lik_all_subs.84.1,0.0
log_lik_all_subs.85.1,0.0
log_lik_all_subs.86.1,0.0
log_lik_all_subs.87.1,0.0
log_lik_all_subs.88.1,0.0
log_lik_all_subs.89.1,-95.473705525
log_lik_all_subs.90.1,-112.82237775
log_lik_all_subs.1.2,-73.982372325
log_lik_all_subs.2.2,-137.33488699999998
log_lik_all_subs.3.2,-161.07448950000003
log_lik_all_subs.4.2,-58.929513925
log_lik_all_subs.5.2,-79.66766402500001
log_lik_all_subs.6.2,-90.653239875
log_lik_all_subs.7.2,-105.10079025
log_lik_all_subs.8.2,-130.92918550000002
log_lik_all_subs.9.2,0.0
log_lik_all_subs.10.2,-115.1725955
log_lik_all_subs.11.2,-140.98912475000003
log_lik_all_subs.12.2,-194.06500375000002
log_lik_all_subs.13.2,-106.38348074999999
log_lik_all_subs.14.2,-108.84744099999999
log_lik_all_subs.15.2,-101.32865375
log_lik_all_subs.16.2,-99.892650625
log_lik_all_subs.17.2,0.0
log_lik_all_subs.18.2,-95.917490075
log_lik_all_subs.19.2,-67.197950625
log_lik_all_subs.20.2,-120.8453365
log_lik_all_subs.21.2,-113.3637685
log_lik_all_subs.22.2,-100.452389375
log_lik_all_subs.23.2,-109.39489525
log_lik_all_subs.24.2,-97.738415025
log_lik_all_subs.25.2,-126.72577225
log_lik_all_subs.26.2,-162.880279
log_lik_all_subs.27.2,-112.80610125000001
log_lik_all_subs.28.2,0.0
log_lik_all_subs.29.2,-146.6231375
log_lik_all_subs.30.2,-95.18327799999999
log_lik_all_subs.31.2,-84.397704425
log_lik_all_subs.32.2,-105.42285475
log_lik_all_subs.33.2,-113.93324050000001
log_lik_all_subs.34.2,-151.66990525
log_lik_all_subs.35.2,-128.84413949999998
log_lik_all_subs.36.2,-108.13419625
log_lik_all_subs.37.2,-164.4614095
log_lik_all_subs.38.2,-119.497469
log_lik_all_subs.39.2,-148.7627855
log_lik_all_subs.40.2,-71.91839472499998
log_lik_all_subs.41.2,-115.254771
log_lik_all_subs.42.2,-80.4653858
log_lik_all_subs.43.2,-109.79129675000001
log_lik_all_subs.44.2,-140.97478025
log_lik_all_subs.45.2,-98.921894
log_lik_all_subs.46.2,-121.50936324999999
log_lik_all_subs.47.2,-113.32144824999999
log_lik_all_subs.48.2,-74.07071012499999
log_lik_all_subs.49.2,-85.3415708
log_lik_all_subs.50.2,-85.546535175
log_lik_all_subs.51.2,-73.36220645
log_lik_all_subs.52.2,-126.97262400000001
log_lik_all_subs.53.2,-72.102354075
log_lik_all_subs.54.2,-97.46632005
log_lik_all_subs.55.2,-120.06422049999999
log_lik_all_subs.56.2,-90.410117875
log_lik_all_subs.57.2,-68.824146375
log_lik_all_subs.58.2,0.0
log_lik_all_subs.59.2,-83.2912065
log_lik_all_subs.60.2,-94.759005525
log_lik_all_subs.61.2,-120.2353375
log_lik_all_subs.62.2,-83.007837575
log_lik_all_subs.63.2,-128.69979700000002
log_lik_all_subs.64.2,-112.27815075
log_lik_all_subs.65.2,-158.992268
log_lik_all_subs.66.2,-120.239213
log_lik_all_subs.67.2,-76.48414142499999
log_lik_all_subs.68.2,-152.51943
log_lik_all_subs.69.2,-79.0769769
log_lik_all_subs.70.2,-124.45273175
log_lik_all_subs.71.2,-142.97681550000001
log_lik_all_subs.72.2,-66.3400611
log_lik_all_subs.73.2,-96.872188425
log_lik_all_subs.74.2,-107.10250574999999
log_lik_all_subs.75.2,-91.975274025
log_lik_all_subs.76.2,-117.0257385
log_lik_all_subs.77.2,-96.354162075
log_lik_all_subs.78.2,-163.30622625
log_lik_all_subs.79.2,-85.69325285000001
log_lik_all_subs.80.2,-85.109132275
log_lik_all_subs.81.2,-95.569228975
log_lik_all_subs.82.2,-91.080295325
log_lik_all_subs.83.2,-103.72262375
log_lik_all_subs.84.2,-130.82196075
log_lik_all_subs.85.2,-93.58510384999998
log_lik_all_subs.86.2,-157.2718535
log_lik_all_subs.87.2,-73.62761120000002
log_lik_all_subs.88.2,-93.9027402
log_lik_all_subs.89.2,-74.97710735
log_lik_all_subs.90.2,-91.342713425
log_lik_all_subs.1.3,-84.323393675
log_lik_all_subs.2.3,-117.02979775
log_lik_all_subs.3.3,-140.72576450000003
log_lik_all_subs.4.3,-91.87304145
log_lik_all_subs.5.3,-84.930640575
log_lik_all_subs.6.3,-95.570732925
log_lik_all_subs.7.3,-86.95203022500002
log_lik_all_subs.8.3,-135.86389924999997
log_lik_all_subs.9.3,-123.668444
log_lik_all_subs.10.3,-84.72388425
log_lik_all_subs.11.3,-139.724637
log_lik_all_subs.12.3,-198.01684925000004
log_lik_all_subs.13.3,-112.07342225000001
log_lik_all_subs.14.3,-83.31475234999999
log_lik_all_subs.15.3,-123.01248625000002
log_lik_all_subs.16.3,-126.39328625
log_lik_all_subs.17.3,-90.384212875
log_lik_all_subs.18.3,-114.74965375
log_lik_all_subs.19.3,-104.560223
log_lik_all_subs.20.3,-109.1710855
log_lik_all_subs.21.3,-89.88263047500001
log_lik_all_subs.22.3,-102.018314875
log_lik_all_subs.23.3,-104.37702349999999
log_lik_all_subs.24.3,-104.07689300000001
log_lik_all_subs.25.3,-161.34775975
log_lik_all_subs.26.3,-109.69545624999999
log_lik_all_subs.27.3,-100.228545025
log_lik_all_subs.28.3,-67.651227125
log_lik_all_subs.29.3,-146.874701
log_lik_all_subs.30.3,-60.45417495
log_lik_all_subs.31.3,-82.631931025
log_lik_all_subs.32.3,-98.9245373
log_lik_all_subs.33.3,-118.44699924999999
log_lik_all_subs.34.3,-129.9663925
log_lik_all_subs.35.3,-128.1511915
log_lik_all_subs.36.3,-113.7258535
log_lik_all_subs.37.3,-108.27559625
log_lik_all_subs.38.3,-107.77693649999999
log_lik_all_subs.39.3,-159.83635599999997
log_lik_all_subs.40.3,-74.59915732500001
log_lik_all_subs.41.3,-119.34528099999999
log_lik_all_subs.42.3,-90.123514875
log_lik_all_subs.43.3,-122.500078
log_lik_all_subs.44.3,-110.19323525
log_lik_all_subs.45.3,-86.50478352500001
log_lik_all_subs.46.3,-131.354868
log_lik_all_subs.47.3,-137.58071525
log_lik_all_subs.48.3,-66.28517592499999
log_lik_all_subs.49.3,-94.51351095
log_lik_all_subs.50.3,-100.224421525
log_lik_all_subs.51.3,-85.611867875
log_lik_all_subs.52.3,-103.405875
log_lik_all_subs.53.3,-86.59899807500001
log_lik_all_subs.54.3,-106.15626125000001
log_lik_all_subs.55.3,-131.277593
log_lik_all_subs.56.3,-82.54670345
log_lik_all_subs.57.3,-90.41017992500001
log_lik_all_subs.58.3,-77.56891317499999
log_lik_all_subs.59.3,-89.252790475
log_lik_all_subs.60.3,-96.75872070000001
log_lik_all_subs.61.3,-123.37316750000001
log_lik_all_subs.62.3,-105.27530100000001
log_lik_all_subs.63.3,-135.40079875
log_lik_all_subs.64.3,-109.74843924999999
log_lik_all_subs.65.3,-166.14604649999998
log_lik_all_subs.66.3,-103.53348
log_lik_all_subs.67.3,-80.53400365
log_lik_all_subs.68.3,-160.55619825
log_lik_all_subs.69.3,-81.71929782499998
log_lik_all_subs.70.3,-101.171411
log_lik_all_subs.71.3,-125.87999275
log_lik_all_subs.72.3,-106.3912745
log_lik_all_subs.73.3,-100.98521974999998
log_lik_all_subs.74.3,-87.50300147499999
log_lik_all_subs.75.3,-103.55440725
log_lik_all_subs.76.3,-119.30728075
log_lik_all_subs.77.3,-105.69008675
log_lik_all_subs.78.3,-159.22262
log_lik_all_subs.79.3,-83.748731275
log_lik_all_subs.80.3,-70.10444159999999
log_lik_all_subs.81.3,-104.60700675
log_lik_all_subs.82.3,-110.17062025000001
log_lik_all_subs.83.3,-65.289567575
log_lik_all_subs.84.3,-115.9666955
log_lik_all_subs.85.3,-121.140771
log_lik_all_subs.86.3,-141.338315
log_lik_all_subs.87.3,-85.846722175
log_lik_all_subs.88.3,-85.17336544999999
log_lik_all_subs.89.3,-96.30094922500001
log_lik_all_subs.90.3,-94.4574786
log_lik_all_subs.1.4,-105.40447075
log_lik_all_subs.2.4,-128.8465195
log_lik_all_subs.3.4,-142.43677775
log_lik_all_subs.4.4,-89.29123994999999
log_lik_all_subs.5.4,-99.79054305000001
log_lik_all_subs.6.4,-97.94153969999999
log_lik_all_subs.7.4,-98.35240335
log_lik_all_subs.8.4,-126.00869649999999
log_lik_all_subs.9.4,-124.79538525
log_lik_all_subs.10.4,-94.04962405
log_lik_all_subs.11.4,-151.8174885
log_lik_all_subs.12.4,-189.285224
log_lik_all_subs.13.4,-104.0936385
log_lik_all_subs.14.4,-90.83633915000001
log_lik_all_subs.15.4,-125.771509
log_lik_all_subs.16.4,-122.348691
log_lik_all_subs.17.4,-90.41034690000001
log_lik_all_subs.18.4,-95.04179634999998
log_lik_all_subs.19.4,-88.16876755
log_lik_all_subs.20.4,-118.66259975
log_lik_all_subs.21.4,-97.955994025
log_lik_all_subs.22.4,-125.36313175
log_lik_all_subs.23.4,-113.96027275
log_lik_all_subs.24.4,-110.8539165
log_lik_all_subs.25.4,-126.07874550000001
log_lik_all_subs.26.4,-163.37746124999998
log_lik_all_subs.27.4,-104.64152499999999
log_lik_all_subs.28.4,-63.127774325
log_lik_all_subs.29.4,-148.1037655
log_lik_all_subs.30.4,-70.07955720000001
log_lik_all_subs.31.4,-92.06472270000002
log_lik_all_subs.32.4,-89.226965425
log_lik_all_subs.33.4,-85.33692602500001
log_lik_all_subs.34.4,-154.41150825000003
log_lik_all_subs.35.4,-138.83958975
log_lik_all_subs.36.4,-106.99962325
log_lik_all_subs.37.4,-93.771462325
log_lik_all_subs.38.4,-96.89500067499999
log_lik_all_subs.39.4,-118.41090824999999
log_lik_all_subs.40.4,-67.714709325
log_lik_all_subs.41.4,-121.52409825000001
log_lik_all_subs.42.4,-95.78026320000001
log_lik_all_subs.43.4,-105.61072474999999
log_lik_all_subs.44.4,-141.794603
log_lik_all_subs.45.4,-82.54382835
log_lik_all_subs.46.4,-126.71768425
log_lik_all_subs.47.4,-110.17139575
log_lik_all_subs.48.4,-76.224003825
log_lik_all_subs.49.4,-83.18620444999999
log_lik_all_subs.50.4,-93.330644575
log_lik_all_subs.51.4,-116.17528474999999
log_lik_all_subs.52.4,-102.10931075
log_lik_all_subs.53.4,-84.66686299999999
log_lik_all_subs.54.4,-95.940446975
log_lik_all_subs.55.4,-112.5629865
log_lik_all_subs.56.4,-98.17470662499998
log_lik_all_subs.57.4,-102.39103424999999
log_lik_all_subs.58.4,-72.6534028
log_lik_all_subs.59.4,-107.79565625
log_lik_all_subs.60.4,-77.33086360000001
log_lik_all_subs.61.4,-134.27231800000004
log_lik_all_subs.62.4,-73.970299125
log_lik_all_subs.63.4,-153.320285
log_lik_all_subs.64.4,-96.84686135000001
log_lik_all_subs.65.4,-152.58164225000002
log_lik_all_subs.66.4,-120.730035
log_lik_all_subs.67.4,-92.6576842
log_lik_all_subs.68.4,-179.99080174999997
log_lik_all_subs.69.4,-80.44260852499998
log_lik_all_subs.70.4,-127.14658675
log_lik_all_subs.71.4,-130.68372200000002
log_lik_all_subs.72.4,-86.352367775
log_lik_all_subs.73.4,-118.09113225
log_lik_all_subs.74.4,-87.650108425
log_lik_all_subs.75.4,-77.811246625
log_lik_all_subs.76.4,-110.0060355
log_lik_all_subs.77.4,-75.871125975
log_lik_all_subs.78.4,-168.30086875
log_lik_all_subs.79.4,-78.00665742500001
log_lik_all_subs.80.4,-97.753120075
log_lik_all_subs.81.4,-73.13303152499999
log_lik_all_subs.82.4,-112.82341075000001
log_lik_all_subs.83.4,-87.0131815
log_lik_all_subs.84.4,-108.79570575000001
log_lik_all_subs.85.4,-114.17968775
log_lik_all_subs.86.4,-142.06618799999998
log_lik_all_subs.87.4,-82.03783265
log_lik_all_subs.88.4,-90.976598375
log_lik_all_subs.89.4,-71.642380375
log_lik_all_subs.90.4,-96.870189725
log_lik_all_subs.1.5,-84.2575963
log_lik_all_subs.2.5,-146.1491495
log_lik_all_subs.3.5,-112.19002575
log_lik_all_subs.4.5,-83.522823225
log_lik_all_subs.5.5,-84.51790585
log_lik_all_subs.6.5,-73.60910665
log_lik_all_subs.7.5,-94.812958075
log_lik_all_subs.8.5,-112.40955275
log_lik_all_subs.9.5,-134.75347674999998
log_lik_all_subs.10.5,-80.795532325
log_lik_all_subs.11.5,-150.01524849999998
log_lik_all_subs.12.5,-188.96806024999998
log_lik_all_subs.13.5,-109.063887
log_lik_all_subs.14.5,-107.40058050000002
log_lik_all_subs.15.5,-121.45698199999998
log_lik_all_subs.16.5,-122.476682
log_lik_all_subs.17.5,-96.05242497500001
log_lik_all_subs.18.5,-99.51705005
log_lik_all_subs.19.5,-79.85448242500001
log_lik_all_subs.20.5,-108.14117850000001
log_lik_all_subs.21.5,-65.505974325
log_lik_all_subs.22.5,-105.91576375
log_lik_all_subs.23.5,-117.08298499999998
log_lik_all_subs.24.5,-115.409003
log_lik_all_subs.25.5,-149.62822649999998
log_lik_all_subs.26.5,-127.33130874999999
log_lik_all_subs.27.5,-94.87552557500001
log_lik_all_subs.28.5,0.0
log_lik_all_subs.29.5,-124.00037025
log_lik_all_subs.30.5,-82.8665386
log_lik_all_subs.31.5,-102.016323
log_lik_all_subs.32.5,-85.82732500000002
log_lik_all_subs.33.5,-117.28306025
log_lik_all_subs.34.5,-148.9371385
log_lik_all_subs.35.5,-145.09574675
log_lik_all_subs.36.5,-109.50371249999999
log_lik_all_subs.37.5,-113.20022449999999
log_lik_all_subs.38.5,-99.766948825
log_lik_all_subs.39.5,-124.12399575
log_lik_all_subs.40.5,-58.695681675
log_lik_all_subs.41.5,-102.797066
log_lik_all_subs.42.5,-82.6870373
log_lik_all_subs.43.5,-91.484995475
log_lik_all_subs.44.5,-123.81262225000002
log_lik_all_subs.45.5,-87.56460355000002
log_lik_all_subs.46.5,-147.4961665
log_lik_all_subs.47.5,-122.320097
log_lik_all_subs.48.5,-92.21485505
log_lik_all_subs.49.5,-86.33936815
log_lik_all_subs.50.5,-128.77432274999998
log_lik_all_subs.51.5,0.0
log_lik_all_subs.52.5,-131.47320374999998
log_lik_all_subs.53.5,-101.98895075
log_lik_all_subs.54.5,-124.23848225
log_lik_all_subs.55.5,-122.67289175
log_lik_all_subs.56.5,0.0
log_lik_all_subs.57.5,-72.111977075
log_lik_all_subs.58.5,-71.5088819
log_lik_all_subs.59.5,-80.530397025
log_lik_all_subs.60.5,-83.66706659999998
log_lik_all_subs.61.5,-123.5757605
log_lik_all_subs.62.5,-86.817703775
log_lik_all_subs.63.5,-140.345973
log_lik_all_subs.64.5,-97.86373825
log_lik_all_subs.65.5,-158.5722605
log_lik_all_subs.66.5,-91.1648839
log_lik_all_subs.67.5,-93.111977175
log_lik_all_subs.68.5,0.0
log_lik_all_subs.69.5,-74.79951525
log_lik_all_subs.70.5,-103.46081475
log_lik_all_subs.71.5,-135.69048875000001
log_lik_all_subs.72.5,-80.94692625
log_lik_all_subs.73.5,-93.934766
log_lik_all_subs.74.5,-120.78745425000001
log_lik_all_subs.75.5,-112.27110575
log_lik_all_subs.76.5,-107.23537275000001
log_lik_all_subs.77.5,-90.19289660000001
log_lik_all_subs.78.5,-156.59269899999998
log_lik_all_subs.79.5,-74.8551633
log_lik_all_subs.80.5,-77.980929825
log_lik_all_subs.81.5,-97.185700725
log_lik_all_subs.82.5,-113.3803245
log_lik_all_subs.83.5,-104.207311
log_lik_all_subs.84.5,-136.091303
log_lik_all_subs.85.5,-137.87567725
log_lik_all_subs.86.5,-163.71397674999997
log_lik_all_subs.87.5,0.0
log_lik_all_subs.88.5,0.0
log_lik_all_subs.89.5,-79.363249625
log_lik_all_subs.90.5,-105.86124025000001
log_lik_all_subs.1.6,-104.5334895
log_lik_all_subs.2.6,-144.51738625000002
log_lik_all_subs.3.6,-122.70184349999998
log_lik_all_subs.4.6,-69.30631349999999
log_lik_all_subs.5.6,-101.25344075
log_lik_all_subs.6.6,-102.79828975
log_lik_all_subs.7.6,-104.8818935
log_lik_all_subs.8.6,-122.2412335
log_lik_all_subs.9.6,-137.81253999999998
log_lik_all_subs.10.6,-103.29221325
log_lik_all_subs.11.6,-131.38630325
log_lik_all_subs.12.6,-191.05147875
log_lik_all_subs.13.6,-117.86204525
log_lik_all_subs.14.6,-108.80478149999998
log_lik_all_subs.15.6,-103.23838125
log_lik_all_subs.16.6,-108.2462285
log_lik_all_subs.17.6,-98.107312775
log_lik_all_subs.18.6,-114.25780675
log_lik_all_subs.19.6,-96.665557925
log_lik_all_subs.20.6,-102.11713950000001
log_lik_all_subs.21.6,-110.11762825000001
log_lik_all_subs.22.6,-101.59410207500001
log_lik_all_subs.23.6,-136.0270645
log_lik_all_subs.24.6,-81.181953675
log_lik_all_subs.25.6,-127.20203024999999
log_lik_all_subs.26.6,-138.8429485
log_lik_all_subs.27.6,-71.465966975
log_lik_all_subs.28.6,-80.22191222500001
log_lik_all_subs.29.6,-141.016467
log_lik_all_subs.30.6,-79.097649625
log_lik_all_subs.31.6,-70.40330457499999
log_lik_all_subs.32.6,-91.1320321
log_lik_all_subs.33.6,-92.54182335
log_lik_all_subs.34.6,-165.23079775000002
log_lik_all_subs.35.6,-130.57650525
log_lik_all_subs.36.6,-95.476307775
log_lik_all_subs.37.6,-113.04496075
log_lik_all_subs.38.6,-107.06570850000001
log_lik_all_subs.39.6,-138.84137725000002
log_lik_all_subs.40.6,-69.19970232499999
log_lik_all_subs.41.6,-104.38614225
log_lik_all_subs.42.6,-77.529586925
log_lik_all_subs.43.6,-136.673745
log_lik_all_subs.44.6,-92.258800775
log_lik_all_subs.45.6,-79.423625425
log_lik_all_subs.46.6,-112.53592525
log_lik_all_subs.47.6,-113.88024100000001
log_lik_all_subs.48.6,-71.2401415
log_lik_all_subs.49.6,-106.84637225
log_lik_all_subs.50.6,-105.4154385
log_lik_all_subs.51.6,-74.33409877499999
log_lik_all_subs.52.6,-123.307336
log_lik_all_subs.53.6,-99.02468950000001
log_lik_all_subs.54.6,-107.4351575
log_lik_all_subs.55.6,-130.83060925
log_lik_all_subs.56.6,-112.08467275
log_lik_all_subs.57.6,-69.73046719999999
log_lik_all_subs.58.6,-69.843404025
log_lik_all_subs.59.6,-82.06203105
log_lik_all_subs.60.6,-89.76915952499999
log_lik_all_subs.61.6,-126.99738225
log_lik_all_subs.62.6,-81.002897875
log_lik_all_subs.63.6,-159.14269325
log_lik_all_subs.64.6,-80.043642325
log_lik_all_subs.65.6,-168.50521000000003
log_lik_all_subs.66.6,-81.936890925
log_lik_all_subs.67.6,-58.564120175000006
log_lik_all_subs.68.6,-159.552017
log_lik_all_subs.69.6,-85.580195625
log_lik_all_subs.70.6,-98.36606727499999
log_lik_all_subs.71.6,-123.68842525
log_lik_all_subs.72.6,-58.6688217
log_lik_all_subs.73.6,-70.95418665
log_lik_all_subs.74.6,-84.082243225
log_lik_all_subs.75.6,-84.37180595000001
log_lik_all_subs.76.6,-107.156986
log_lik_all_subs.77.6,-92.38709552499999
log_lik_all_subs.78.6,-150.82287550000004
log_lik_all_subs.79.6,-70.507741075
log_lik_all_subs.80.6,-96.37887175
log_lik_all_subs.81.6,-80.64761037499999
log_lik_all_subs.82.6,-105.84047224999999
log_lik_all_subs.83.6,-108.387754
log_lik_all_subs.84.6,0.0
log_lik_all_subs.85.6,-120.034927
log_lik_all_subs.86.6,0.0
log_lik_all_subs.87.6,-93.17409549999999
log_lik_all_subs.88.6,-96.6277706
log_lik_all_subs.89.6,-88.16692119999999
log_lik_all_subs.90.6,-103.3707375
log_lik_all_subs.1.7,-93.45142019999999
log_lik_all_subs.2.7,-133.15987650000002
log_lik_all_subs.3.7,-131.63176225
log_lik_all_subs.4.7,-84.254579425
log_lik_all_subs.5.7,-97.5754165
log_lik_all_subs.6.7,-106.54313475
log_lik_all_subs.7.7,-102.63899350000001
log_lik_all_subs.8.7,-117.9132575
log_lik_all_subs.9.7,-114.22265225
log_lik_all_subs.10.7,-94.23870995
log_lik_all_subs.11.7,-144.43209975
log_lik_all_subs.12.7,-185.351223
log_lik_all_subs.13.7,-87.60386684999999
log_lik_all_subs.14.7,-96.5559779
log_lik_all_subs.15.7,-116.68266825
log_lik_all_subs.16.7,-117.04055625
log_lik_all_subs.17.7,0.0
log_lik_all_subs.18.7,-116.01839725
log_lik_all_subs.19.7,-81.81141570000001
log_lik_all_subs.20.7,-117.10065575
log_lik_all_subs.21.7,-104.66388375
log_lik_all_subs.22.7,-85.70152780000001
log_lik_all_subs.23.7,-140.25135924999998
log_lik_all_subs.24.7,-101.412321425
log_lik_all_subs.25.7,-129.81817900000001
log_lik_all_subs.26.7,-142.57172674999998
log_lik_all_subs.27.7,-94.07791767500001
log_lik_all_subs.28.7,-82.192013875
log_lik_all_subs.29.7,-137.13147175
log_lik_all_subs.30.7,-81.598774725
log_lik_all_subs.31.7,-94.95636624999999
log_lik_all_subs.32.7,-100.297224575
log_lik_all_subs.33.7,-79.55708145
log_lik_all_subs.34.7,-157.90470125000002
log_lik_all_subs.35.7,-122.63583575
log_lik_all_subs.36.7,-115.76143725
log_lik_all_subs.37.7,-100.627033875
log_lik_all_subs.38.7,-101.07044125
log_lik_all_subs.39.7,-97.4870209
log_lik_all_subs.40.7,-62.72894565
log_lik_all_subs.41.7,-93.55659062500001
log_lik_all_subs.42.7,-101.4434375
log_lik_all_subs.43.7,0.0
log_lik_all_subs.44.7,-138.24262299999998
log_lik_all_subs.45.7,-97.05571432500001
log_lik_all_subs.46.7,-112.51076850000001
log_lik_all_subs.47.7,-114.43796625
log_lik_all_subs.48.7,-85.31428347500001
log_lik_all_subs.49.7,-69.27071445
log_lik_all_subs.50.7,-121.53374375
log_lik_all_subs.51.7,-87.11593915
log_lik_all_subs.52.7,-87.63954547499999
log_lik_all_subs.53.7,-96.09075362499999
log_lik_all_subs.54.7,-115.30943
log_lik_all_subs.55.7,0.0
log_lik_all_subs.56.7,-68.57398545000001
log_lik_all_subs.57.7,-83.81684160000002
log_lik_all_subs.58.7,-67.4524871
log_lik_all_subs.59.7,-76.4409383
log_lik_all_subs.60.7,-114.36603625000001
log_lik_all_subs.61.7,-116.00289049999999
log_lik_all_subs.62.7,-93.915695825
log_lik_all_subs.63.7,-137.28514550000003
log_lik_all_subs.64.7,-106.40798600000001
log_lik_all_subs.65.7,-166.90232074999997
log_lik_all_subs.66.7,-108.75424399999999
log_lik_all_subs.67.7,-84.82670375000001
log_lik_all_subs.68.7,-149.98057500000002
log_lik_all_subs.69.7,-112.359191
log_lik_all_subs.70.7,-107.8316245
log_lik_all_subs.71.7,-117.06091925
log_lik_all_subs.72.7,-82.6946627
log_lik_all_subs.73.7,-90.16492225
log_lik_all_subs.74.7,-95.77467915
log_lik_all_subs.75.7,-100.09985422499999
log_lik_all_subs.76.7,-118.51734525
log_lik_all_subs.77.7,-76.06964197500001
log_lik_all_subs.78.7,-157.18077399999999
log_lik_all_subs.79.7,-74.10842670000001
log_lik_all_subs.80.7,-98.50830344999999
log_lik_all_subs.81.7,-78.783753775
log_lik_all_subs.82.7,-86.91453640000002
log_lik_all_subs.83.7,-104.45512599999999
log_lik_all_subs.84.7,-123.01796675
log_lik_all_subs.85.7,-119.05609400000002
log_lik_all_subs.86.7,-160.26342775
log_lik_all_subs.87.7,-87.1785167
log_lik_all_subs.88.7,-106.87919074999999
log_lik_all_subs.89.7,-69.16192939999999
log_lik_all_subs.90.7,-114.77338975
log_lik_all_subs.1.8,-98.30497684999999
log_lik_all_subs.2.8,-105.27786925000001
log_lik_all_subs.3.8,-147.32217375
log_lik_all_subs.4.8,-82.0670303
log_lik_all_subs.5.8,-116.1891445
log_lik_all_subs.6.8,-108.36659675
log_lik_all_subs.7.8,-116.54068775
log_lik_all_subs.8.8,-115.47790950000001
log_lik_all_subs.9.8,-148.43718950000002
log_lik_all_subs.10.8,-100.85380425
log_lik_all_subs.11.8,-157.8930975
log_lik_all_subs.12.8,-191.553233
log_lik_all_subs.13.8,-102.52081299999999
log_lik_all_subs.14.8,-98.6370665
log_lik_all_subs.15.8,-126.07712149999999
log_lik_all_subs.16.8,-121.45865575
log_lik_all_subs.17.8,-83.16054722499999
log_lik_all_subs.18.8,-117.181521
log_lik_all_subs.19.8,-90.18621927500001
log_lik_all_subs.20.8,-119.63284399999999
log_lik_all_subs.21.8,-94.89937495
log_lik_all_subs.22.8,-124.65662549999999
log_lik_all_subs.23.8,-106.63128725
log_lik_all_subs.24.8,-91.19467327500001
log_lik_all_subs.25.8,-143.3725895
log_lik_all_subs.26.8,-118.17559925
log_lik_all_subs.27.8,-91.48029605
log_lik_all_subs.28.8,-82.76983200000001
log_lik_all_subs.29.8,-148.5615195
log_lik_all_subs.30.8,-76.20066655000001
log_lik_all_subs.31.8,-89.52728077500001
log_lik_all_subs.32.8,-82.62946525000001
log_lik_all_subs.33.8,-96.25876525
log_lik_all_subs.34.8,-145.63033225
log_lik_all_subs.35.8,-114.71159075
log_lik_all_subs.36.8,-120.6384925
log_lik_all_subs.37.8,-118.2369605
log_lik_all_subs.38.8,-97.15732820000001
log_lik_all_subs.39.8,-147.86274425
log_lik_all_subs.40.8,-85.1763818
log_lik_all_subs.41.8,-91.930689225
log_lik_all_subs.42.8,-88.9875487
log_lik_all_subs.43.8,-129.9646625
log_lik_all_subs.44.8,-142.08193225000002
log_lik_all_subs.45.8,-99.43175505
log_lik_all_subs.46.8,-126.95950675
log_lik_all_subs.47.8,-133.426424
log_lik_all_subs.48.8,-68.89796825
log_lik_all_subs.49.8,-91.603720325
log_lik_all_subs.50.8,-128.816337
log_lik_all_subs.51.8,-78.848664925
log_lik_all_subs.52.8,-111.09136775
log_lik_all_subs.53.8,-96.226573625
log_lik_all_subs.54.8,-109.79231424999999
log_lik_all_subs.55.8,-117.651703
log_lik_all_subs.56.8,-80.09594865000001
log_lik_all_subs.57.8,-96.743511375
log_lik_all_subs.58.8,-76.7614559
log_lik_all_subs.59.8,-87.019076525
log_lik_all_subs.60.8,-104.03776324999998
log_lik_all_subs.61.8,-112.05248574999999
log_lik_all_subs.62.8,-98.7092078
log_lik_all_subs.63.8,-133.73972225
log_lik_all_subs.64.8,-106.96166975
log_lik_all_subs.65.8,-166.0747875
log_lik_all_subs.66.8,-93.704033025
log_lik_all_subs.67.8,-85.805094775
log_lik_all_subs.68.8,-168.16105100000001
log_lik_all_subs.69.8,-76.711345725
log_lik_all_subs.70.8,-113.90585875
log_lik_all_subs.71.8,-152.3784425
log_lik_all_subs.72.8,-59.59600137499999
log_lik_all_subs.73.8,-88.975533425
log_lik_all_subs.74.8,-74.9234824
log_lik_all_subs.75.8,-111.90852199999999
log_lik_all_subs.76.8,-103.4747335
log_lik_all_subs.77.8,-94.78840419999999
log_lik_all_subs.78.8,-134.92809549999998
log_lik_all_subs.79.8,-72.30439215
log_lik_all_subs.80.8,-98.0599331
log_lik_all_subs.81.8,-100.55637627499999
log_lik_all_subs.82.8,-103.3139365
log_lik_all_subs.83.8,0.0
log_lik_all_subs.84.8,-121.70730050000002
log_lik_all_subs.85.8,-120.44857524999999
log_lik_all_subs.86.8,-171.38793475000003
log_lik_all_subs.87.8,-78.16363079999999
log_lik_all_subs.88.8,-90.5952738
log_lik_all_subs.89.8,-70.61591862499999
log_lik_all_subs.90.8,-125.83752349999999
log_lik_all_subs.1.9,-116.03394499999999
log_lik_all_subs.2.9,-113.23280975
log_lik_all_subs.3.9,-141.29321174999998
log_lik_all_subs.4.9,-86.044326475
log_lik_all_subs.5.9,-80.752303
log_lik_all_subs.6.9,-119.76166725
log_lik_all_subs.7.9,-113.17722599999999
log_lik_all_subs.8.9,-103.63860475
log_lik_all_subs.9.9,-127.27001925000002
log_lik_all_subs.10.9,-83.494592
log_lik_all_subs.11.9,-135.248701
log_lik_all_subs.12.9,-202.38585625
log_lik_all_subs.13.9,-106.290529
log_lik_all_subs.14.9,-103.201432
log_lik_all_subs.15.9,-113.0299015
log_lik_all_subs.16.9,-111.5428865
log_lik_all_subs.17.9,-87.14113717500001
log_lik_all_subs.18.9,-113.79276075
log_lik_all_subs.19.9,-91.66961800000001
log_lik_all_subs.20.9,-135.46701000000002
log_lik_all_subs.21.9,-105.77419775
log_lik_all_subs.22.9,-90.837402175
log_lik_all_subs.23.9,-131.34732025
log_lik_all_subs.24.9,-100.426943275
log_lik_all_subs.25.9,-140.0466245
log_lik_all_subs.26.9,-138.47256575
log_lik_all_subs.27.9,-115.38465174999999
log_lik_all_subs.28.9,-77.480916325
log_lik_all_subs.29.9,-139.08032999999998
log_lik_all_subs.30.9,-80.289174925
log_lik_all_subs.31.9,-123.70273125
log_lik_all_subs.32.9,-89.76675440000001
log_lik_all_subs.33.9,-93.44037612500001
log_lik_all_subs.34.9,-182.13462875
log_lik_all_subs.35.9,-119.79304024999999
log_lik_all_subs.36.9,-92.359995875
log_lik_all_subs.37.9,-136.36683325
log_lik_all_subs.38.9,-105.64974875
log_lik_all_subs.39.9,-114.2223805
log_lik_all_subs.40.9,-53.727332675
log_lik_all_subs.41.9,-89.46797104999999
log_lik_all_subs.42.9,-58.93936097500001
log_lik_all_subs.43.9,-138.02738150000002
log_lik_all_subs.44.9,-127.98768375000002
log_lik_all_subs.45.9,-104.36226375000001
log_lik_all_subs.46.9,-124.7714315
log_lik_all_subs.47.9,-126.806584
log_lik_all_subs.48.9,-85.5512791
log_lik_all_subs.49.9,-125.90907399999999
log_lik_all_subs.50.9,-94.90359315
log_lik_all_subs.51.9,0.0
log_lik_all_subs.52.9,-103.14921025000001
log_lik_all_subs.53.9,0.0
log_lik_all_subs.54.9,-116.84597624999999
log_lik_all_subs.55.9,-130.67811325
log_lik_all_subs.56.9,-102.138751
log_lik_all_subs.57.9,-88.933271025
log_lik_all_subs.58.9,-60.805704475
log_lik_all_subs.59.9,-80.76274780000001
log_lik_all_subs.60.9,-102.40783499999999
log_lik_all_subs.61.9,-114.42578925
log_lik_all_subs.62.9,0.0
log_lik_all_subs.63.9,-130.91283125
log_lik_all_subs.64.9,-100.491753275
log_lik_all_subs.65.9,-165.00337174999999
log_lik_all_subs.66.9,-74.3758675
log_lik_all_subs.67.9,-65.4653308
log_lik_all_subs.68.9,-168.59049174999998
log_lik_all_subs.69.9,-94.97615955
log_lik_all_subs.70.9,-90.47339965
log_lik_all_subs.71.9,-127.7622445
log_lik_all_subs.72.9,-83.80084815000001
log_lik_all_subs.73.9,-90.77270275
log_lik_all_subs.74.9,-74.93094232500002
log_lik_all_subs.75.9,-97.29692849999999
log_lik_all_subs.76.9,-128.79174924999998
log_lik_all_subs.77.9,-103.45753475
log_lik_all_subs.78.9,-144.03515500000003
log_lik_all_subs.79.9,-65.72765605
log_lik_all_subs.80.9,-74.876095725
log_lik_all_subs.81.9,-83.707387225
log_lik_all_subs.82.9,-100.60678225
log_lik_all_subs.83.9,-99.466197375
log_lik_all_subs.84.9,-134.672686
log_lik_all_subs.85.9,-123.85884175000001
log_lik_all_subs.86.9,-156.64523675
log_lik_all_subs.87.9,-97.8701178
log_lik_all_subs.88.9,-77.46994275
log_lik_all_subs.89.9,-77.02696942499999
log_lik_all_subs.90.9,-101.57914324999999
log_lik_all_subs.1.10,-107.495766
log_lik_all_subs.2.10,-111.9972245
log_lik_all_subs.3.10,0.0
log_lik_all_subs.4.10,-58.19765595
log_lik_all_subs.5.10,-80.8468192
log_lik_all_subs.6.10,-101.18779889999999
log_lik_all_subs.7.10,-112.186198
log_lik_all_subs.8.10,-126.41192825
log_lik_all_subs.9.10,-125.62967074999999
log_lik_all_subs.10.10,-86.773326975
log_lik_all_subs.11.10,-135.114417
log_lik_all_subs.12.10,-185.75142725
log_lik_all_subs.13.10,-108.156757
log_lik_all_subs.14.10,-101.784044
log_lik_all_subs.15.10,-114.9568045
log_lik_all_subs.16.10,-135.92291875
log_lik_all_subs.17.10,-70.32819875000001
log_lik_all_subs.18.10,-101.14094775
log_lik_all_subs.19.10,-71.30561637500001
log_lik_all_subs.20.10,-143.21009899999999
log_lik_all_subs.21.10,-131.04339075
log_lik_all_subs.22.10,-123.615631
log_lik_all_subs.23.10,-121.02633425
log_lik_all_subs.24.10,-102.3733315
log_lik_all_subs.25.10,-131.03669349999998
log_lik_all_subs.26.10,-123.3108965
log_lik_all_subs.27.10,-90.09722985
log_lik_all_subs.28.10,-50.565417925
log_lik_all_subs.29.10,-131.0869395
log_lik_all_subs.30.10,-90.858860375
log_lik_all_subs.31.10,-93.316452825
log_lik_all_subs.32.10,-85.5405858
log_lik_all_subs.33.10,-101.29977625
log_lik_all_subs.34.10,-168.21507974999997
log_lik_all_subs.35.10,0.0
log_lik_all_subs.36.10,-111.8998995
log_lik_all_subs.37.10,-105.30619
log_lik_all_subs.38.10,-97.65359695
log_lik_all_subs.39.10,-108.45286999999999
log_lik_all_subs.40.10,-63.73811955
log_lik_all_subs.41.10,-124.68839499999999
log_lik_all_subs.42.10,-62.490306725
log_lik_all_subs.43.10,-128.5273245
log_lik_all_subs.44.10,-135.85257950000002
log_lik_all_subs.45.10,-62.255631925
log_lik_all_subs.46.10,-134.3744985
log_lik_all_subs.47.10,-144.614211
log_lik_all_subs.48.10,-61.41795882499999
log_lik_all_subs.49.10,-81.327069825
log_lik_all_subs.50.10,-97.73924894999999
log_lik_all_subs.51.10,-81.669721125
log_lik_all_subs.52.10,-99.49293580000001
log_lik_all_subs.53.10,-105.07054425000001
log_lik_all_subs.54.10,-101.08512575
log_lik_all_subs.55.10,-124.82697324999998
log_lik_all_subs.56.10,-105.556849
log_lik_all_subs.57.10,-77.7359988
log_lik_all_subs.58.10,-77.1071071
log_lik_all_subs.59.10,-87.52946425
log_lik_all_subs.60.10,-96.709230325
log_lik_all_subs.61.10,-127.16579275
log_lik_all_subs.62.10,-94.951128075
log_lik_all_subs.63.10,-102.74193174999999
log_lik_all_subs.64.10,-100.41137392499999
log_lik_all_subs.65.10,-157.67189525
log_lik_all_subs.66.10,-81.51811144999999
log_lik_all_subs.67.10,-68.48836165
log_lik_all_subs.68.10,-159.468494
log_lik_all_subs.69.10,-89.12158932499999
log_lik_all_subs.70.10,-95.9718996
log_lik_all_subs.71.10,-146.94476874999998
log_lik_all_subs.72.10,-74.47516445000001
log_lik_all_subs.73.10,-98.643458
log_lik_all_subs.74.10,-75.68894560000001
log_lik_all_subs.75.10,-92.6525612
log_lik_all_subs.76.10,-125.91838524999999
log_lik_all_subs.77.10,-85.96958575
log_lik_all_subs.78.10,-152.8614915
log_lik_all_subs.79.10,-68.350102725
log_lik_all_subs.80.10,-75.69116405
log_lik_all_subs.81.10,-97.3640074
log_lik_all_subs.82.10,0.0
log_lik_all_subs.83.10,0.0
log_lik_all_subs.84.10,-106.14183125000001
log_lik_all_subs.85.10,-126.40659450000001
log_lik_all_subs.86.10,0.0
log_lik_all_subs.87.10,-72.65095355000001
log_lik_all_subs.88.10,-99.93077352499999
log_lik_all_subs.89.10,-69.66842167499999
log_lik_all_subs.90.10,-130.16967375
log_lik_all_subs.1.11,-82.79744717499999
log_lik_all_subs.2.11,-104.9430395
log_lik_all_subs.3.11,-144.60737550000002
log_lik_all_subs.4.11,0.0
log_lik_all_subs.5.11,-103.86974825
log_lik_all_subs.6.11,-119.07752575
log_lik_all_subs.7.11,-117.51450625000001
log_lik_all_subs.8.11,-139.58899849999997
log_lik_all_subs.9.11,-134.61290474999998
log_lik_all_subs.10.11,-108.03588375000001
log_lik_all_subs.11.11,-143.0075225
log_lik_all_subs.12.11,-189.65769925
log_lik_all_subs.13.11,-100.442734325
log_lik_all_subs.14.11,-89.280621225
log_lik_all_subs.15.11,-130.7173625
log_lik_all_subs.16.11,-124.43660899999999
log_lik_all_subs.17.11,0.0
log_lik_all_subs.18.11,-110.36336775000001
log_lik_all_subs.19.11,-78.79483032499999
log_lik_all_subs.20.11,-132.74400825
log_lik_all_subs.21.11,-113.139449
log_lik_all_subs.22.11,-116.88928250000001
log_lik_all_subs.23.11,-121.05466224999999
log_lik_all_subs.24.11,-79.537972025
log_lik_all_subs.25.11,-126.28469625000001
log_lik_all_subs.26.11,0.0
log_lik_all_subs.27.11,-85.378970725
log_lik_all_subs.28.11,-62.2065985
log_lik_all_subs.29.11,-170.64570650000002
log_lik_all_subs.30.11,-70.941648825
log_lik_all_subs.31.11,-89.5722804
log_lik_all_subs.32.11,-105.3401965
log_lik_all_subs.33.11,-105.51278899999998
log_lik_all_subs.34.11,-153.61772725
log_lik_all_subs.35.11,-112.39937925
log_lik_all_subs.36.11,-98.83224955000001
log_lik_all_subs.37.11,-144.76134250000004
log_lik_all_subs.38.11,-95.74599835
log_lik_all_subs.39.11,-133.82235574999999
log_lik_all_subs.40.11,-78.237819075
log_lik_all_subs.41.11,-116.66330799999999
log_lik_all_subs.42.11,-87.8609464
log_lik_all_subs.43.11,-121.37179625000002
log_lik_all_subs.44.11,-118.47808575
log_lik_all_subs.45.11,-82.6660299
log_lik_all_subs.46.11,-142.90050449999998
log_lik_all_subs.47.11,-131.57712425000003
log_lik_all_subs.48.11,-68.486603325
log_lik_all_subs.49.11,-102.89869675
log_lik_all_subs.50.11,-117.95070324999999
log_lik_all_subs.51.11,-90.20387625000001
log_lik_all_subs.52.11,-96.289186075
log_lik_all_subs.53.11,-104.45556350000001
log_lik_all_subs.54.11,-126.13254500000001
log_lik_all_subs.55.11,-134.2945425
log_lik_all_subs.56.11,-128.04123875
log_lik_all_subs.57.11,-96.186672475
log_lik_all_subs.58.11,-95.2330233
log_lik_all_subs.59.11,-76.266273175
log_lik_all_subs.60.11,-105.77957625000002
log_lik_all_subs.61.11,-115.4665015
log_lik_all_subs.62.11,-105.7895585
log_lik_all_subs.63.11,-120.5167065
log_lik_all_subs.64.11,-105.67493275000001
log_lik_all_subs.65.11,-178.44780300000002
log_lik_all_subs.66.11,-92.6815894
log_lik_all_subs.67.11,-106.49719925000001
log_lik_all_subs.68.11,-164.38039875
log_lik_all_subs.69.11,-91.36389262499999
log_lik_all_subs.70.11,-104.541365
log_lik_all_subs.71.11,-143.6601345
log_lik_all_subs.72.11,-61.3434853
log_lik_all_subs.73.11,0.0
log_lik_all_subs.74.11,-74.890729125
log_lik_all_subs.75.11,-99.12118217500002
log_lik_all_subs.76.11,0.0
log_lik_all_subs.77.11,-101.0850586
log_lik_all_subs.78.11,-145.088133
log_lik_all_subs.79.11,-70.72929920000001
log_lik_all_subs.80.11,-81.347226825
log_lik_all_subs.81.11,-87.20536622499999
log_lik_all_subs.82.11,-76.11238469999999
log_lik_all_subs.83.11,-96.928341675
log_lik_all_subs.84.11,-109.85612024999999
log_lik_all_subs.85.11,-106.23324475000001
log_lik_all_subs.86.11,0.0
log_lik_all_subs.87.11,-85.27668625
log_lik_all_subs.88.11,-92.65309545
log_lik_all_subs.89.11,-86.07605695
log_lik_all_subs.90.11,-118.75591524999999
log_lik_all_subs.1.12,-89.22982467499997
log_lik_all_subs.2.12,-138.74743699999996
log_lik_all_subs.3.12,-127.347002
log_lik_all_subs.4.12,0.0
log_lik_all_subs.5.12,-88.870364
log_lik_all_subs.6.12,-78.24736437499999
log_lik_all_subs.7.12,-112.66073924999999
log_lik_all_subs.8.12,-136.68997950000002
log_lik_all_subs.9.12,-115.74214800000001
log_lik_all_subs.10.12,-113.6546995
log_lik_all_subs.11.12,-144.74630599999998
log_lik_all_subs.12.12,-182.39108174999998
log_lik_all_subs.13.12,-101.89688375000001
log_lik_all_subs.14.12,-96.85030955
log_lik_all_subs.15.12,-113.49233925
log_lik_all_subs.16.12,-110.362149
log_lik_all_subs.17.12,0.0
log_lik_all_subs.18.12,-139.81611575
log_lik_all_subs.19.12,-70.209155325
log_lik_all_subs.20.12,-122.95717075
log_lik_all_subs.21.12,-113.38554725
log_lik_all_subs.22.12,-112.98476175
log_lik_all_subs.23.12,-138.366246
log_lik_all_subs.24.12,-95.08940625
log_lik_all_subs.25.12,-133.409245
log_lik_all_subs.26.12,-143.22816999999998
log_lik_all_subs.27.12,-94.798407375
log_lik_all_subs.28.12,-79.44328352500001
log_lik_all_subs.29.12,-121.15009475000001
log_lik_all_subs.30.12,-81.321257625
log_lik_all_subs.31.12,-65.63812622500001
log_lik_all_subs.32.12,-100.60143055
log_lik_all_subs.33.12,-117.73815025
log_lik_all_subs.34.12,-171.7913625
log_lik_all_subs.35.12,-122.29572175
log_lik_all_subs.36.12,-113.94894249999999
log_lik_all_subs.37.12,-119.70089875000001
log_lik_all_subs.38.12,-97.41669664999999
log_lik_all_subs.39.12,-129.5197435
log_lik_all_subs.40.12,-72.248627825
log_lik_all_subs.41.12,-93.291600625
log_lik_all_subs.42.12,-79.23479884999999
log_lik_all_subs.43.12,-121.33922625000001
log_lik_all_subs.44.12,-134.77357874999998
log_lik_all_subs.45.12,-105.2031595
log_lik_all_subs.46.12,-151.22637125000003
log_lik_all_subs.47.12,-137.96572775
log_lik_all_subs.48.12,-91.7064983
log_lik_all_subs.49.12,-106.91267850000001
log_lik_all_subs.50.12,-108.69560500000001
log_lik_all_subs.51.12,-71.5745325
log_lik_all_subs.52.12,-110.93421425
log_lik_all_subs.53.12,0.0
log_lik_all_subs.54.12,-94.656274975
log_lik_all_subs.55.12,-133.27907750000003
log_lik_all_subs.56.12,-90.965122525
log_lik_all_subs.57.12,-70.59809387499999
log_lik_all_subs.58.12,-78.76027635
log_lik_all_subs.59.12,-89.4002313
log_lik_all_subs.60.12,-89.496763275
log_lik_all_subs.61.12,-110.59461625
log_lik_all_subs.62.12,-124.5200575
log_lik_all_subs.63.12,-127.22813975
log_lik_all_subs.64.12,-124.01773925
log_lik_all_subs.65.12,-167.35283025
log_lik_all_subs.66.12,-89.15193882499999
log_lik_all_subs.67.12,-62.029679650000006
log_lik_all_subs.68.12,-168.5973065
log_lik_all_subs.69.12,-81.4491931
log_lik_all_subs.70.12,-107.3559595
log_lik_all_subs.71.12,-132.41750274999998
log_lik_all_subs.72.12,-77.26192445
log_lik_all_subs.73.12,0.0
log_lik_all_subs.74.12,-91.27884734999999
log_lik_all_subs.75.12,-90.15072842500001
log_lik_all_subs.76.12,-105.14404325
log_lik_all_subs.77.12,-69.70635505
log_lik_all_subs.78.12,-158.85672474999998
log_lik_all_subs.79.12,-88.89807905
log_lik_all_subs.80.12,-80.523161725
log_lik_all_subs.81.12,-95.337148025
log_lik_all_subs.82.12,-88.8334664
log_lik_all_subs.83.12,0.0
log_lik_all_subs.84.12,-129.18434474999998
log_lik_all_subs.85.12,-113.94239925
log_lik_all_subs.86.12,-139.48729749999998
log_lik_all_subs.87.12,-87.7670654
log_lik_all_subs.88.12,-79.910809625
log_lik_all_subs.89.12,-93.970862475
log_lik_all_subs.90.12,-115.0587445
